sample_id,label,measure,cuong,long,agree
BDD02,traffic_light,count,4,3,0
BDD02,traffic_light,attr:needs_review,false|false|false|false,false|false|false,0
BDD02,traffic_light,attr:pictogram,circle|circle|circle|circle,circle|circle|circle,0
BDD02,traffic_light,attr:relevance,relevant|relevant|relevant|relevant,relevant|relevant|relevant,0
BDD02,traffic_light,attr:state,green|green|green|green,green|green|green,0
BDD18,traffic_light,count,2,2,1
BDD18,traffic_light,attr:needs_review,false|false,false|true,0
BDD18,traffic_light,attr:pictogram,circle|circle,circle|circle,1
BDD18,traffic_light,attr:relevance,unknown|unknown,unknown|unknown,1
BDD18,traffic_light,attr:state,green|green,green|green,1
BDD22,traffic_light,count,0,0,1
BDD24,traffic_light,count,0,0,1
BDD25,traffic_light,count,3,3,1
BDD25,traffic_light,attr:needs_review,false|false|true,true|true|true,0
BDD25,traffic_light,attr:pictogram,circle|circle|circle,unknown|unknown|unknown,0
BDD25,traffic_light,attr:relevance,relevant|relevant|unknown,unknown|unknown|unknown,0
BDD25,traffic_light,attr:state,green|green|green,green|green|green,1
LISA09,traffic_light,count,4,5,0
LISA09,traffic_light,attr:needs_review,false|false|false|true,false|false|false|false|true,0
LISA09,traffic_light,attr:pictogram,arrow_left|arrow_left|circle|unknown,arrow_left|circle|circle|circle|unknown,0
LISA09,traffic_light,attr:relevance,not_relevant|not_relevant|relevant|unknown,not_relevant|relevant|relevant|relevant|unknown,0
LISA09,traffic_light,attr:state,red|red|red|red,yellow|yellow|yellow|yellow|yellow,0
LISA16,traffic_light,count,3,5,0
LISA16,traffic_light,attr:needs_review,false|false|false,false|false|false|false|true,0
LISA16,traffic_light,attr:pictogram,arrow_left|circle|circle,arrow_left|circle|circle|circle|circle,0
LISA16,traffic_light,attr:relevance,not_relevant|relevant|relevant,not_relevant|not_relevant|relevant|relevant|relevant,0
LISA16,traffic_light,attr:state,green|green|red,green|green|green|off|yellow,0
