sample_id,item,values_by_annotator,diagnosis,action,rule_change
LISA09,traffic_light state (cả 5 đầu đèn),cuong=red x4; long=yellow x5,guideline_gap,revise_rule,"Mục 4.1 cũ bảo màu nhìn thấy mâu thuẫn vị trí ô thì unknown - khiến annotator hoặc đoán theo màu pixel (bóng đỏ cháy sáng trông vàng/cam) hoặc unknown. Sửa: VỊ TRÍ ô đang sáng quyết định state (ô trên = red kể cả khi trông cam/vàng); chỉ dùng unknown khi không xác định được ô nào sáng. Đưa rule này lên Tóm tắt 30 giây + ví dụ LISA09."
LISA16,traffic_light state (đầu mũi tên trái + đầu xa),cuong=red / (không vẽ đầu xa); long=yellow / off,guideline_gap,revise_rule,"Cùng nguyên nhân dòng trên: mũi tên đỏ bị đọc thành yellow. Thêm: đầu đèn mũi tên cũng đọc theo vị trí ô. Đầu đèn xa không thấy ô sáng nào nhưng các đầu cùng hướng đang sáng thì không gán off (rule LED) - nhắc lại trong ví dụ."
LISA09,traffic_light relevance (đầu mũi tên trái trên cần treo),cuong=not_relevant; long=relevant,guideline_gap,add_example,"Quy ước ego đi thẳng nằm ở mục 4.3 nhưng annotator vẫn giả định xe có thể rẽ trái. Sửa: ghi rõ 'không thấy mũi tên sơn trên mặt đường ngay trước xe = xe đi thẳng; không được giả định xe rẽ' ở Tóm tắt 30 giây và FAQ; LISA09 thành ví dụ trong mục 9.2."
LISA09,traffic_light relevance + pictogram (đầu cột phải vỏ tối),cuong=arrow_left/not_relevant; long=circle/relevant,execution_error,coaching,"Rule đủ rõ (ô tròn đỏ của đầu đi thẳng cột phải = circle/relevant); cuong nhầm với đầu mũi tên trên cần treo. Thêm câu nhắc: vỏ tối lẫn nền cây thì phóng to xác định hình ô sáng trước khi chọn pictogram."
BDD25,traffic_light pictogram + relevance (3 đèn xanh loá),cuong=circle/relevant (2) + unknown (1); long=unknown/unknown x3,guideline_gap,add_example,"Chưa có rule khi nào lõi sáng loá vẫn được coi là circle. Sửa: lõi sáng tròn đều và không thấy hình mũi tên = circle; chỉ unknown khi lõi méo/loá mất hình. Relevance: đèn lớn nhất ngay sau vạch sang đường đầu tiên = điểm dừng gần nhất (thêm ví dụ BDD25 vào mục 9.2)."
BDD02,traffic_light count,cuong=4; long=3 (thiếu đầu đèn cột trái ~255x81),execution_error,coaching,"Rule đủ rõ; đầu đèn cột trái nhỏ nằm sát toà nhà bị bỏ sót. Nhấn mạnh bước quét ảnh theo dải ngang cả hai mép trái/phải."
LISA09,traffic_light count (đầu đèn xa ở đường ngang ~679x364),cuong=không vẽ; long=vẽ (yellow/unknown/needs_review),execution_error,coaching,"Đầu đèn xa ≥ 6 px phải vẽ; cuong bỏ sót (và bỏ sót đèn xanh xa ở LISA16). Nhắc quét dải chân trời/giao lộ xa trong bước 1."
BDD18,traffic_light needs_review,cuong=false|false (relevance unknown); long=false|true,execution_error,coaching,"Rule unknown bắt buộc tick needs_review đã có; cả hai đều có ít nhất một đèn unknown không tick. Đưa vào checklist bắt buộc và QA kiểm tổ hợp này (đã có trong 05_qa_plan)."
LISA16,traffic_light geometry (đầu cột phải vỏ tối),cuong=ôm lõi xanh (20x24); long=ôm vỏ ước lượng (33x61),guideline_gap,revise_rule,"Rule 'không thấy viền vỏ thì ôm lõi sáng' bị hiểu khác khi vỏ tối lẫn nền cây. Sửa: chỉ ôm vỏ khi nhìn thấy được viền vỏ trên ảnh; không nhìn thấy viền thì ôm lõi sáng - không ước lượng kích thước vỏ."
