sample_id,split,tags,reason
LISA01,example,normal;ambiguity;small_far,"Ví dụ mục 9 guideline: 3 đầu đèn gần đều đỏ (1 mũi tên rẽ trái, 2 tròn) + vài đèn nhỏ ở xa; không xác định được làn ego → relevance unknown + needs_review, tag image_escalate; thử rule 4.1 (màu lệch → theo vị trí bóng), 4.2, 7"
LISA30,example,conflict;critical;ambiguity,"Ví dụ mục 9 guideline: mũi tên rẽ trái vẫn đỏ trong khi 2 đèn tròn đã xanh; thử rule 4.2 không được mặc định ego đi thẳng để gán relevant cho đèn xanh"
BDD07,example,normal;edge,"Ví dụ relevant rõ ràng: giao lộ không có đèn mũi tên, 2 đầu đèn xanh quay về camera → relevant; có đầu đèn quay ngang (vỏ vàng) → state unknown, not_relevant; đèn nhỏ ở giao lộ xa → not_relevant"
BDD12,example,negative,"Chỉ có đèn đi bộ (bàn tay đỏ) trên cột bên phải, không có đèn cho xe; thử rule IGNORE mục 5 → không có box"
LISA08,calibration,normal;ambiguity,"Pha đỏ (frame giữa chuỗi 01–15): đo đồng thuận state theo vị trí bóng và cách xử lý relevance khi không rõ làn ego"
LISA16,calibration,temporal;conflict,"Frame đầu tiên sau khi 2 đèn tròn chuyển xanh, mũi tên vẫn đỏ; thử rule 8 (label độc lập, không suy từ frame trước) và rule 4.2"
BDD18,calibration,low_visibility;small_far;negative,"Ban đêm: đèn đi bộ sáng ở cột bên phải (IGNORE), 2 đèn xanh rất nhỏ ở xa giữa đường; thử ngưỡng 8 px, box ôm lõi sáng, phân biệt đèn xe / đèn đi bộ"
BDD11,calibration,negative;edge,"Chỉ có đèn đi bộ bàn tay đỏ ở góc phải, không thấy đèn cho xe; kiểm tra annotator không vẽ nhầm đèn đi bộ"
BDD04,calibration,negative,"Phố dân cư ban ngày không có đèn giao thông (chỉ có biển báo, cột điện); kiểm tra không vẽ thừa box"
BDD15,calibration,small_far;ambiguity,"Đại lộ ban ngày, đầu đèn tối rất nhỏ ở xa bên trái, khó nhìn state; thử ngưỡng 8 px và phân biệt off / unknown"
BDD02,blind,normal;small_far,"Đại lộ ban ngày nhiều đầu đèn xanh ở giao lộ gần và các giao lộ xa, có đầu đèn quay ngang; không có đèn mũi tên → thử rule relevant cơ bản và giao lộ gần nhất"
BDD17,blind,critical;low_visibility;conflict,"Trời mưa, kính mờ: đầu đèn cam/đỏ trên cột bên trái giao lộ gần trong khi đèn ở xa giữa đường xanh; đường một chiều nên đèn bên trái có thể điều khiển ego → không được gán not_relevant / green (rule 7.2)"
BDD21,blind,edge;occlusion;small_far,"Đại lộ ban ngày: đèn xanh trên cần treo và cột giữa, đầu đèn quay ngang bên trái, vật đỏ bị cây che bên phải; thử occluded, đèn quay ngang, IGNORE vật không phải đèn"
BDD26,blind,edge;low_visibility;negative,"Ban đêm: đầu đèn xanh gần trên cột trái (quầng loá lớn), ngay dưới là đèn đi bộ bàn tay đỏ; thử box ôm lõi sáng và không nhầm đèn đi bộ đỏ thành đèn xe"
BDD25,blind,ambiguity;low_visibility;negative,"Chạng vạng, đường ướt: nhiều đèn xanh ở giao lộ gần và xa, phản chiếu xanh / đỏ trên mặt đường, đèn đi bộ bàn tay; thử IGNORE phản chiếu và rule giao lộ gần nhất"
