sample_id,decision_id,expected,severity,kind,peer_evidence,correct,note
BDD21,d1,label=traffic_light cho đầu đèn trên cần treo phía trước (~332-342 x 280-308) với state=green pictogram=circle,major,decision,traffic_light [needs_review=false;pictogram=circle;relevance=relevant;state=green] | traffic_light [needs_review=true;pictogram=unknown;relevance=unknown;state=green],1,"Peer vẽ đầu đèn cần treo (331,282)-(341,308) state=green, pictogram=circle — đúng vị trí và thuộc tính gold."
BDD21,d2,relevance=relevant cho đầu đèn cần treo phía trước,critical,decision,traffic_light [needs_review=false;pictogram=circle;relevance=relevant;state=green] | traffic_light [needs_review=true;pictogram=unknown;relevance=unknown;state=green],1,Đầu đèn cần treo được gán relevance=relevant như gold.
BDD21,d3,geometry: box đầu đèn cần treo ôm vỏ (~332-342 x 280-308) không gồm cần treo; mỗi cạnh lệch <= 2 px,minor,geometry,traffic_light [needs_review=false;pictogram=circle;relevance=relevant;state=green] | traffic_light [needs_review=true;pictogram=unknown;relevance=unknown;state=green],1,"Box (331,282)-(341,308) so với gold ~332-342 x 280-308: lệch 1/2/1/0 px, trong dung sai <= 2 px; box không gồm cần treo."
BDD07,d1,label=traffic_light x2 cho 2 đầu đèn quay mặt ở giao lộ gần (cột trái ~229-242 x 124-157 và cần treo phải ~677-688 x 147-171) với state=green pictogram=circle,major,decision,traffic_light [needs_review=false;pictogram=circle;relevance=relevant;state=green]×2,1,"Peer vẽ đúng 2 box: cột trái (230,123)-(241,158) và cần treo phải (678,146)-(687,173), cả hai green/circle."
BDD07,d2,relevance=relevant cho cả 2 đầu đèn quay mặt ở giao lộ gần,critical,decision,traffic_light [needs_review=false;pictogram=circle;relevance=relevant;state=green]×2,1,Cả 2 đầu đèn quay mặt ở giao lộ gần đều relevance=relevant.
BDD07,d3,IGNORE: không có box nào ở vùng nắp capo (y > 560) - phản chiếu đèn,critical,decision,traffic_light [needs_review=false;pictogram=circle;relevance=relevant;state=green]×2,1,Không có box nào ở vùng nắp capo (y > 560); peer bỏ qua phản chiếu (feedback câu 1).
BDD07,d4,IGNORE: không có box riêng cho 2 đầu đèn quay ngang cạnh đèn trái và đèn cần treo,major,decision,traffic_light [needs_review=false;pictogram=circle;relevance=relevant;state=green]×2,1,"Chỉ có 2 box, không vẽ 2 đầu đèn quay ngang (peer ghi rõ ""vỏ vàng chỉ thấy cạnh"" không vẽ)."
BDD07,d5,geometry: box đèn cột trái ôm vỏ 3 ô (~229-242 x 124-157) không gộp đầu quay ngang bên phải nó; mỗi cạnh lệch <= 2 px,minor,geometry,traffic_light [needs_review=false;pictogram=circle;relevance=relevant;state=green]×2,1,"Box cột trái (230,123)-(241,158) so với gold ~229-242 x 124-157: lệch 1 px mỗi cạnh; không gộp đầu quay ngang."
BDD26,d1,label=traffic_light cho đèn xanh lớn trên cột trái (~479-499 x 62-83) với state=green relevance=relevant,major,decision,traffic_light [needs_review=false;pictogram=circle;relevance=relevant;state=green] | traffic_light [needs_review=true;pictogram=unknown;relevance=unknown;state=green] | traffic_light [needs_review=true;pictogram=unknown;relevance=unknown;state=red] | traffic_light [needs_review=true;pictogram=unknown;relevance=unknown;state=unknown],1,"Box (479,62)-(498,83) state=green, relevance=relevant, đúng đèn xanh lớn cột trái."
BDD26,d2,IGNORE: không có box cho hộp đèn đi bộ bàn tay cam (~437x120),critical,decision,traffic_light [needs_review=false;pictogram=circle;relevance=relevant;state=green] | traffic_light [needs_review=true;pictogram=unknown;relevance=unknown;state=green] | traffic_light [needs_review=true;pictogram=unknown;relevance=unknown;state=red] | traffic_light [needs_review=true;pictogram=unknown;relevance=unknown;state=unknown],0,"Peer vẽ box (433,109)-(446,131) state=red, needs_review=true đúng vị trí hộp đèn đi bộ bàn tay cam (~437x120); gold yêu cầu IGNORE. Nguyên nhân: guideline gap (dòng 29/291 cấm vẽ đèn đi bộ nhưng dòng 177 cho giữ box khi không chắc) — xem peer_feedback phần 2."
BDD26,d3,không có box nào ở giao lộ kế tiếp (vùng ~600-720 x 200-240) mang relevance=relevant,critical,decision,traffic_light [needs_review=false;pictogram=circle;relevance=relevant;state=green] | traffic_light [needs_review=true;pictogram=unknown;relevance=unknown;state=green] | traffic_light [needs_review=true;pictogram=unknown;relevance=unknown;state=red] | traffic_light [needs_review=true;pictogram=unknown;relevance=unknown;state=unknown],1,"Box duy nhất trong vùng giao lộ kế tiếp (661,209)-(674,232) có relevance=unknown, không có box nào relevant ở vùng này."
BDD26,d4,geometry: box đèn xanh cột trái ôm bóng sáng (~479-499 x 62-83) không gồm quầng loá; mỗi cạnh lệch <= 10%,minor,geometry,traffic_light [needs_review=false;pictogram=circle;relevance=relevant;state=green] | traffic_light [needs_review=true;pictogram=unknown;relevance=unknown;state=green] | traffic_light [needs_review=true;pictogram=unknown;relevance=unknown;state=red] | traffic_light [needs_review=true;pictogram=unknown;relevance=unknown;state=unknown],1,"Box (479,62)-(498,83) so với gold ~479-499 x 62-83: lệch <= 1 px, trong dung sai 10%; ôm bóng sáng, không gồm quầng loá."
BDD17,d1,ESCALATE: có tag image_escalate với reason=conflicting_lights hoặc low_visibility,major,decision,traffic_light [needs_review=true;pictogram=unknown;relevance=unknown;state=green]×2 | traffic_light [needs_review=true;pictogram=unknown;relevance=unknown;state=red] | traffic_light [needs_review=true;pictogram=unknown;relevance=unknown;state=unknown],0,"Không có tag image_escalate. Peer để cả 4 đèn relevance=unknown nên điều kiện conflicting_lights / low_visibility (guideline dòng 344-345) không khớp — guideline gap, peer tự nêu ở feedback câu 3."
BDD17,d2,không có box nào relevance=relevant mà needs_review=false,critical,decision,traffic_light [needs_review=true;pictogram=unknown;relevance=unknown;state=green]×2 | traffic_light [needs_review=true;pictogram=unknown;relevance=unknown;state=red] | traffic_light [needs_review=true;pictogram=unknown;relevance=unknown;state=unknown],1,Cả 4 box đều relevance=unknown + needs_review=true; không có box relevant mà needs_review=false.
BDD11,d1,IGNORE: ảnh không có box traffic_light nào (chỉ có đèn đi bộ bàn tay đỏ ~1205x260),critical,decision,none,1,Không có box traffic_light nào (peer_evidence = none); peer bỏ qua đèn đi bộ bàn tay đỏ.
