sample_id,decision_id,expected,severity,rationale
BDD07,d1,"label=traffic_light x2",major,"Hai đầu đèn xe phía trái và phải đều có housing nhìn thấy rõ."
BDD07,d2,"relevance=not_relevant (đèn trái)",critical,"Đèn trái điều khiển movement/làn khác; vị trí phía trước không đủ để gán relevant."
BDD07,d3,"state=green; pictogram=circle (cả hai đèn)",major,"Hai bóng xanh tròn đọc được trực tiếp từ ảnh."
BDD07,d4,"geometry: mỗi box ôm riêng phần housing nhìn thấy; không gồm cần treo",minor,"Mỗi đầu đèn là một instance vật lý độc lập."
BDD12,d1,"ESCALATE; image_escalate=true",major,"Xe phía trước che vùng giao lộ và không đủ bằng chứng để xác định chắc tín hiệu điều khiển làn ego."
BDD12,d2,"IGNORE pedestrian signal",major,"Tín hiệu người đi bộ không thuộc vehicle traffic-light scope."
BDD18,d1,"label=traffic_light x2 (hai đèn xanh chính giữa ảnh)",major,"Hai housing xe hướng về camera nhìn thấy dù ảnh ban đêm và bị bloom."
BDD18,d2,"state=green; relevance=relevant; pictogram=circle (hai đèn chính)",major,"Hai đèn cùng điều khiển hướng đi thẳng hiện tại và bóng xanh tròn đọc được."
BDD18,d3,"IGNORE đèn hậu, đèn pha, biển sáng và pedestrian signal",major,"Các nguồn sáng đỏ/trắng lân cận không phải vehicle traffic-light housing."
BDD18,d4,"geometry: box theo housing, không nới theo quầng sáng xanh",minor,"Bloom ban đêm không phải một phần hình học của object."
BDD20,d1,"label candidate vehicle signal đủ cao >=8 px; state=unknown; relevance=unknown; pictogram=unknown; needs_review=true",major,"Tín hiệu xa bị giảm độ phân giải; có bằng chứng housing nhưng không đủ để chốt thuộc tính."
BDD20,d2,"ESCALATE; image_escalate=true",major,"Không thể suy chắc candidate nào điều khiển ego lane từ một ảnh tĩnh bị che và mờ."
BDD20,d3,"IGNORE đèn xe đỗ, phản chiếu và đốm sáng không có housing",minor,"Không dùng unknown để biến mọi điểm màu thành traffic light."
BDD26,d1,"label đèn xe gần bên trái; state=green; relevance=relevant; pictogram=circle",major,"Housing gần và bóng xanh tròn điều khiển hướng ego nhìn thấy rõ."
BDD26,d2,"IGNORE pedestrian signal đỏ cạnh đèn xanh gần",major,"Biểu tượng đỏ dành cho người đi bộ bị loại khỏi scope dù nằm sát vehicle signal."
BDD26,d3,"label các housing đèn xe đỏ phía xa nếu cao >=8 px; state=red; relevance=unknown; needs_review=true",critical,"Bỏ sót đèn đỏ đủ ngưỡng có thể làm planner không nhận biết tín hiệu dừng; relevance không được đoán."
BDD26,d4,"Không gộp đèn xanh gần và các đèn đỏ xa thành một instance/state",major,"Chúng là các housing vật lý ở giao lộ/movement khác nhau."
